local,title,paragraph,data,pay
인천 미추홀, 디플러스 미르본사,[Mir]배달대행 지사장님/관리자님/배달기사님 모집중[리스가능],시간협의,"건별4,000"
서울 강동구, 디플러스 플러스천호지사,"[서울/강동] 디플러스 배달대행 [건당4500원,  수수료100원 프로모션",09:00~05:00,"건별4,500"
서울 강동구, 디플러스 플러스천호지사,"[서울/강동] 디플러스 배달대행 [건당4500원,  수수료100원 프로모션",09:00~05:00,"건별4,500"
서울 강동구, 디플러스 플러스천호지사,"[서울/강동] 디플러스 배달대행 [건당4500원,  수수료100원 프로모션",09:00~05:00,"건별4,500"
경기 하남시, 디플러스 미사S지사,[하남/풍산] 디플러스 배달대행  [월500이상][초보가능][중장년층환영],시간협의,"월급5,000,000"
경기 하남시, 디플러스 미사S지사,[하남/풍산] 디플러스 배달대행  [월500이상][초보가능][중장년층환영],시간협의,"월급5,000,000"
경기 하남시, 디플러스 미사S지사,[하남/풍산] 디플러스 배달대행  [월500이상][초보가능][중장년층환영],시간협의,"월급5,000,000"
인천 미추홀, 디플러스 미르본사,[Mir]배달대행 지사장님/관리자님/배달기사님 모집중[리스가능],시간협의,"건별4,000"
인천 미추홀, 디플러스 미르본사,[Mir]배달대행 지사장님/관리자님/배달기사님 모집중[리스가능],시간협의,"건별4,000"
부산 금정구, 디플러스 부산금정지사,[베테랑] 근무환경 최상 라이더 전업/오전or오후/프리랜서 모집중 배달대행,시간협의,"일급180,000"
부산 금정구, 디플러스 부산금정지사,[베테랑] 근무환경 최상 라이더 전업/오전or오후/프리랜서 모집중 배달대행,시간협의,"일급180,000"
부산 금정구, 디플러스 부산금정지사,[베테랑] 근무환경 최상 라이더 전업/오전or오후/프리랜서 모집중 배달대행,시간협의,"일급180,000"
서울 강동구, 디플러스 천호지사,디플러스 천호지사에서 함께 일하실 라이더를 모집합니다. 상시모집,시간협의,"일급200,000"
서울 강동구, 디플러스 천호지사,디플러스 천호지사에서 함께 일하실 라이더를 모집합니다. 상시모집,시간협의,"일급200,000"
서울 강동구, 디플러스 천호지사,디플러스 천호지사에서 함께 일하실 라이더를 모집합니다. 상시모집,시간협의,"일급200,000"
경기 하남시, 디플러스 미사지사,[하남/풍산] 디플러스 배달대행 [월500이상] [초보가능][중장년층환영],시간협의,"월급5,000,000"
경기 하남시, 디플러스 미사지사,[하남/풍산] 디플러스 배달대행 [월500이상] [초보가능][중장년층환영],시간협의,"월급5,000,000"
경기 하남시, 디플러스 미사지사,[하남/풍산] 디플러스 배달대행 [월500이상] [초보가능][중장년층환영],시간협의,"월급5,000,000"
서울 강동구, 디플러스 암사지사,"[서울/강동] 디플러스 배달대행 [건당4500원,  수수료100원 프로모션]",시간협의,"건별4,500"
서울 강동구, 디플러스 암사지사,"[서울/강동] 디플러스 배달대행 [건당4500원,  수수료100원 프로모션]",시간협의,"건별4,500"
서울 강동구, 디플러스 암사지사,"[서울/강동] 디플러스 배달대행 [건당4500원,  수수료100원 프로모션]",시간협의,"건별4,500"
인천 부평구, 디플러스 부평4동지사,부평 디플러스에서 라이더 모집 합니다.,시간협의,"건별4,000"
전국 전체, 디플러스 둔촌지사,{강동구}NO.1 디플러스배달대행 라이더모집합니다{투잡가능},시간협의,"건별4,500"
전국 전체, 디플러스 둔촌지사,{강동구}NO.1 디플러스배달대행 라이더모집합니다{투잡가능},시간협의,"건별4,500"
전국 전체, 디플러스 둔촌지사,{강동구}NO.1 디플러스배달대행 라이더모집합니다{투잡가능},시간협의,"건별4,500"
경북 경산시, 디플러스 경산지사,디플러스 경산지사 패밀리퀵에서 기사님 구합니다.,시간협의,"일급150,000"
경북 경산시, 디플러스 경산지사,디플러스 경산지사 패밀리퀵에서 기사님 구합니다.,시간협의,"일급150,000"
경북 경산시, 디플러스 경산지사,디플러스 경산지사 패밀리퀵에서 기사님 구합니다.,시간협의,"일급150,000"
경기 하남시, 디플러스 하남본부,하남시 최다콜수보유 배달대행 디플러스 팀원모집[기본콜비인상/각종할증/렌탈최저,시간협의,"건별4,300"
경기 하남시, 디플러스 하남본부,하남시 최다콜수보유 배달대행 디플러스 팀원모집[기본콜비인상/각종할증/렌탈최저,시간협의,"건별4,300"
경기 하남시, 디플러스 하남본부,하남시 최다콜수보유 배달대행 디플러스 팀원모집[기본콜비인상/각종할증/렌탈최저,시간협의,"건별4,300"
광주 광산구, 디플러스 첨단디플러스,[광주/첨단] 디플러스 배달대행 [리스/렌탈가능][초보가능][투잡/차량가능],시간협의,"월급5,000,000"
서울 강동구, 디플러스 플러스명일지사,"[서울/강동] 디플러스 배달대행 [건당4500원,  수수료100원 프로모션]",시간협의,"건별4,500"
서울 강동구, 디플러스 플러스명일지사,"[서울/강동] 디플러스 배달대행 [건당4500원,  수수료100원 프로모션]",시간협의,"건별4,500"
서울 강동구, 디플러스 플러스명일지사,"[서울/강동] 디플러스 배달대행 [건당4500원,  수수료100원 프로모션]",시간협의,"건별4,500"
서울 강동구, 디플러스 고덕1지사,"[서울/강동] 디플러스 배달대행 [건당4500원,  수수료100원 프로모션]",시간협의,"건별4,500"
서울 강동구, 디플러스 고덕1지사,"[서울/강동] 디플러스 배달대행 [건당4500원,  수수료100원 프로모션]",시간협의,"건별4,500"
서울 강동구, 디플러스 고덕1지사,"[서울/강동] 디플러스 배달대행 [건당4500원,  수수료100원 프로모션]",시간협의,"건별4,500"
인천 미추홀, 디플러스 인천더킹지사,"[배달대행] +＇기본료 3,500원＇+ 더킹기사모집 - 용현/학익/숭의/주안",시간협의,"건별3,500"
인천 미추홀, 디플러스 인천더킹지사,"[배달대행] +＇기본료 3,500원＇+ 더킹기사모집 - 용현/학익/숭의/주안",시간협의,"건별3,500"
인천 미추홀, 디플러스 인천더킹지사,"[배달대행] +＇기본료 3,500원＇+ 더킹기사모집 - 용현/학익/숭의/주안",시간협의,"건별3,500"
서울 강동구, 디플러스 강동.[상일/고덕]지사,[상일/고덕/강일] 강동구 디플러스배달대행 기사모집,10:00~01:00,"건별4,500"
서울 강동구, 디플러스 강동.[상일/고덕]지사,[상일/고덕/강일] 강동구 디플러스배달대행 기사모집,10:00~01:00,"건별4,500"
서울 강동구, 디플러스 강동.[상일/고덕]지사,[상일/고덕/강일] 강동구 디플러스배달대행 기사모집,10:00~01:00,"건별4,500"
서울 강동구, 디플러스 명일A지사,배달대행 넘버1 강동구 디플러스 뉴 명일지사에서 함께하실 라이더님 모십니다.,시간협의,"월급5,500,000"
서울 강동구, 디플러스 명일A지사,배달대행 넘버1 강동구 디플러스 뉴 명일지사에서 함께하실 라이더님 모십니다.,시간협의,"월급5,500,000"
서울 강동구, 디플러스 명일A지사,배달대행 넘버1 강동구 디플러스 뉴 명일지사에서 함께하실 라이더님 모십니다.,시간협의,"월급5,500,000"
부산 중구, 디플러스 중구 달인콜(5호점),디플러스 달이콜 중구5호점 배달대행기사 알바 관리자모집,시간협의,"월급5,000,000"
강원 춘천시, 디플러스 춘천점,춘천배달대행 디플러스 라이더 모집,11:00~23:00,"월급5,000,000"
강원 춘천시, 디플러스 춘천점,춘천배달대행 디플러스 라이더 모집,11:00~23:00,"월급5,000,000"
